{"q_low": -62703.570338392565, "q_high": 96412.06112275472}