{"q_low": -62301.33348405859, "q_high": 97233.82322268313}