{"q_low": -62823.369138486225, "q_high": 97136.48852216985}