{"q_low": -32124.103434182955, "q_high": 53856.52730913709}