{"q_low": -62822.375632890034, "q_high": 97135.63974748927}